RA;Nome;Palavra secreta
1680972411002;Pedro;savana-canario-07
1680972411004;Murillo;cacto-xadrez-76
1680972411009;Cibele;iceberg-acordeon-84
1680972411011;Igor;relampago-cravo-98
1680972411014;Yasmim;lotus-umbral-48
1680972411016;Eduarda;vento-relampago-68
1680972411019;Guilherme;balsamo-pergaminho-03
1680972411021;Thiago;farol-pixel-90
1680972411023;Thiago;valete-diamante-33
1680972411024;Jamily;sirius-bussola-11
1680972411031;Rafael;nuvem-xadrez-82
1680972411034;Júlia;onix-acordeon-93
1680972411035;Marcio;tigre-balsamo-68
1680972411040;Gabriel;raposa-floresta-19
1680972411043;Danilo;zefiro-vento-44
1680972411046;Gustavo;cacto-abacate-39
1680972411047;Caio;lagoa-umbral-92
1680972611042;Thiago;zenite-cravo-47
